<?xml version="1.0"?>
<!DOCTYPE hibernate-mapping PUBLIC "-//Hibernate/Hibernate Mapping DTD 3.0//EN"
"http://www.hibernate.org/dtd/hibernate-mapping-3.0.dtd">
<!-- Generated 10-dic-2024 19:24:41 by Hibernate Tools 4.3.1 -->
<hibernate-mapping>
    <class name="model.entity.Estudiante" table="estudiante" catalog="matriculas" optimistic-lock="version">
        <id name="nif" type="string">
            <column name="NIF" length="9" />
            <generator class="assigned" />
        </id>
        <many-to-one name="universidad" class="model.entity.Universidad" fetch="select">
            <column name="codigo_uni" not-null="true" />
        </many-to-one>
        <property name="nombre" type="string">
            <column name="nombre" length="30" not-null="true" />
        </property>
        <property name="apellidos" type="string">
            <column name="apellidos" length="70" not-null="true" />
        </property>
        <property name="fechaNacimiento" type="date">
            <column name="fecha_nacimiento" length="10" not-null="true" />
        </property>
        <property name="direccion" type="string">
            <column name="direccion" length="50" not-null="true" />
        </property>
        <property name="provincia" type="string">
            <column name="provincia" length="30" not-null="true" />
        </property>
        <property name="importeMatricula" type="float">
            <column name="importe_matricula" precision="6" not-null="true" />
        </property>
        <property name="becado" type="boolean">
            <column name="becado" not-null="true" />
        </property>
    </class>
</hibernate-mapping>
