<?xml version="1.0" encoding="UTF-8"?>
<project-private xmlns="http://www.netbeans.org/ns/project-private/1">
    <editor-bookmarks xmlns="http://www.netbeans.org/ns/editor-bookmarks/2" lastBookmarkId="0"/>
    <open-files xmlns="http://www.netbeans.org/ns/projectui-open-files/2">
        <group>
            <file>file:/C:/Users/andres/OneDrive/Escritorio/DAM/AD%20-%20acceso%20a%20datos/Unidad%206/Tarea/Podadera_Gonzalez_Andres_Samuel_AD06_Tarea/PruebaBeans_Andres_Samuel_Podadera_Gonzalez/src/pruebabeans_andres_samuel_podadera_gonzalez/FramePrincipal.java</file>
            <file>file:/C:/Users/andres/OneDrive/Escritorio/DAM/AD%20-%20acceso%20a%20datos/Unidad%206/Tarea/Podadera_Gonzalez_Andres_Samuel_AD06_Tarea/PruebaBeans_Andres_Samuel_Podadera_Gonzalez/src/pruebabeans_andres_samuel_podadera_gonzalez/FormularioNuevoProducto.java</file>
        </group>
    </open-files>
</project-private>
