<?xml version="1.0" encoding="UTF-8"?>
<project-private xmlns="http://www.netbeans.org/ns/project-private/1">
    <editor-bookmarks xmlns="http://www.netbeans.org/ns/editor-bookmarks/2" lastBookmarkId="0"/>
    <open-files xmlns="http://www.netbeans.org/ns/projectui-open-files/2">
        <group>
            <file>file:/C:/Users/andres/OneDrive/Escritorio/DAM/AD%20-%20acceso%20a%20datos/Unidad%201/Tarea/Podadera_Gonzalez_Andres_Samuel_AD_Tarea1Distancia/Ejercicios_2_3/src/ejercicio3/Ejercicio3.java</file>
            <file>file:/C:/Users/andres/OneDrive/Escritorio/DAM/AD%20-%20acceso%20a%20datos/Unidad%201/Tarea/Podadera_Gonzalez_Andres_Samuel_AD_Tarea1Distancia/Ejercicios_2_3/src/ejercicio2/Ejercicio2.java</file>
            <file>file:/C:/Users/andres/OneDrive/Escritorio/DAM/AD%20-%20acceso%20a%20datos/Unidad%201/Tarea/Podadera_Gonzalez_Andres_Samuel_AD_Tarea1Distancia/Ejercicios_2_3/datosContacto.dat</file>
        </group>
    </open-files>
</project-private>
