<?xml version="1.0"?>
<!--

    eXist-db Open Source Native XML Database
    Copyright (C) 2001 The eXist-db Authors

    info@exist-db.org
    http://www.exist-db.org

    This library is free software; you can redistribute it and/or
    modify it under the terms of the GNU Lesser General Public
    License as published by the Free Software Foundation; either
    version 2.1 of the License, or (at your option) any later version.

    This library is distributed in the hope that it will be useful,
    but WITHOUT ANY WARRANTY; without even the implied warranty of
    MERCHANTABILITY or FITNESS FOR A PARTICULAR PURPOSE.  See the GNU
    Lesser General Public License for more details.

    You should have received a copy of the GNU Lesser General Public
    License along with this library; if not, write to the Free Software
    Foundation, Inc., 51 Franklin Street, Fifth Floor, Boston, MA  02110-1301  USA

-->
<antlib>
  <typedef name="store" classname="org.exist.ant.XMLDBStoreTask"/>
  <typedef name="create" classname="org.exist.ant.XMLDBCreateTask"/>
  <typedef name="xpath" classname="org.exist.ant.XMLDBXPathTask"/>
  <typedef name="xquery" classname="org.exist.ant.XMLDBXQueryTask"/>
  <typedef name="extract" classname="org.exist.ant.XMLDBExtractTask"/>
  <typedef name="list" classname="org.exist.ant.XMLDBListTask"/>
  <typedef name="exist" classname="org.exist.ant.XMLDBExistTask"/>
  <typedef name="backup" classname="org.exist.ant.BackupTask"/>
  <typedef name="restore" classname="org.exist.ant.RestoreTask"/>
  <typedef name="remove" classname="org.exist.ant.XMLDBRemoveTask"/>
  <typedef name="move" classname="org.exist.ant.XMLDBMoveTask"/>
  <typedef name="copy" classname="org.exist.ant.XMLDBCopyTask"/>
  <typedef name="xupdate" classname="org.exist.ant.XMLDBXUpdateTask"/>
  <typedef name="shutdown" classname="org.exist.ant.XMLDBShutdownTask"/>
  <typedef name="chmod" classname="org.exist.ant.ChmodTask"/>
  <typedef name="chown" classname="org.exist.ant.ChownTask"/>
  <typedef name="users" classname="org.exist.ant.ListUsersTask"/>
  <typedef name="groups" classname="org.exist.ant.ListGroupsTask"/>
  <typedef name="adduser" classname="org.exist.ant.AddUserTask"/>
  <typedef name="addgroup" classname="org.exist.ant.AddGroupTask"/>
  <typedef name="rmuser" classname="org.exist.ant.RemoveUserTask"/>
  <typedef name="rmgroup" classname="org.exist.ant.RemoveGroupTask"/>
  <typedef name="lock" classname="org.exist.ant.LockResourceTask"/>
  <typedef name="password" classname="org.exist.ant.UserPasswordTask"/>
</antlib>

