<!--

    eXist-db Open Source Native XML Database
    Copyright (C) 2001 The eXist-db Authors

    info@exist-db.org
    http://www.exist-db.org

    This library is free software; you can redistribute it and/or
    modify it under the terms of the GNU Lesser General Public
    License as published by the Free Software Foundation; either
    version 2.1 of the License, or (at your option) any later version.

    This library is distributed in the hope that it will be useful,
    but WITHOUT ANY WARRANTY; without even the implied warranty of
    MERCHANTABILITY or FITNESS FOR A PARTICULAR PURPOSE.  See the GNU
    Lesser General Public License for more details.

    You should have received a copy of the GNU Lesser General Public
    License along with this library; if not, write to the Free Software
    Foundation, Inc., 51 Franklin Street, Fifth Floor, Boston, MA  02110-1301  USA

-->
<suppressions xmlns="https://jeremylong.github.io/DependencyCheck/dependency-suppression.1.2.xsd">
    <suppress>
        <notes><![CDATA[
   file name: xmlrpc-common-3.1.3.jar
   ]]></notes>
        <gav regex="true">^org\.apache\.xmlrpc:xmlrpc-common:.*$</gav>
        <cve>CVE-2016-5002</cve>
    </suppress>
</suppressions>