<?xml version="1.0" encoding="UTF-8"?>
<project-private xmlns="http://www.netbeans.org/ns/project-private/1">
    <editor-bookmarks xmlns="http://www.netbeans.org/ns/editor-bookmarks/2" lastBookmarkId="0"/>
    <open-files xmlns="http://www.netbeans.org/ns/projectui-open-files/2">
        <group>
            <file>file:/C:/Users/andres/OneDrive/Escritorio/DAM/AD%20-%20acceso%20a%20datos/Unidad%203/Tarea/Podadera_Gonzalez_Andres_Samuel_AD03_Tarea/AD03_Ej1_PodaderaGonzalezAndresSamuel/src/controller/EstudianteController.java</file>
            <file>file:/C:/Users/andres/OneDrive/Escritorio/DAM/AD%20-%20acceso%20a%20datos/Unidad%203/Tarea/Podadera_Gonzalez_Andres_Samuel_AD03_Tarea/AD03_Ej1_PodaderaGonzalezAndresSamuel/src/controller/UniversidadController.java</file>
            <file>file:/C:/Users/andres/OneDrive/Escritorio/DAM/AD%20-%20acceso%20a%20datos/Unidad%203/Tarea/Podadera_Gonzalez_Andres_Samuel_AD03_Tarea/AD03_Ej1_PodaderaGonzalezAndresSamuel/src/model/dto/RespuestaDTO.java</file>
            <file>file:/C:/Users/andres/OneDrive/Escritorio/DAM/AD%20-%20acceso%20a%20datos/Unidad%203/Tarea/Podadera_Gonzalez_Andres_Samuel_AD03_Tarea/AD03_Ej1_PodaderaGonzalezAndresSamuel/src/model/entity/Universidad.java</file>
            <file>file:/C:/Users/andres/OneDrive/Escritorio/DAM/AD%20-%20acceso%20a%20datos/Unidad%203/Tarea/Podadera_Gonzalez_Andres_Samuel_AD03_Tarea/AD03_Ej1_PodaderaGonzalezAndresSamuel/src/view/FormularioPrincipal.java</file>
            <file>file:/C:/Users/andres/OneDrive/Escritorio/DAM/AD%20-%20acceso%20a%20datos/Unidad%203/Tarea/Podadera_Gonzalez_Andres_Samuel_AD03_Tarea/AD03_Ej1_PodaderaGonzalezAndresSamuel/src/view/EstudianteDialog.java</file>
            <file>file:/C:/Users/andres/OneDrive/Escritorio/DAM/AD%20-%20acceso%20a%20datos/Unidad%203/Tarea/Podadera_Gonzalez_Andres_Samuel_AD03_Tarea/AD03_Ej1_PodaderaGonzalezAndresSamuel/src/main/Main.java</file>
            <file>file:/C:/Users/andres/OneDrive/Escritorio/DAM/AD%20-%20acceso%20a%20datos/Unidad%203/Tarea/Podadera_Gonzalez_Andres_Samuel_AD03_Tarea/AD03_Ej1_PodaderaGonzalezAndresSamuel/src/view/OperacionesComplejasDialog.java</file>
            <file>file:/C:/Users/andres/OneDrive/Escritorio/DAM/AD%20-%20acceso%20a%20datos/Unidad%203/Tarea/Podadera_Gonzalez_Andres_Samuel_AD03_Tarea/AD03_Ej1_PodaderaGonzalezAndresSamuel/src/view/UniversidadDialog.java</file>
        </group>
    </open-files>
</project-private>
